Lot #,VIN,Location
,,
61,4HXSC1626CC160143,"1099 West Ropes Avenue, Woodlake, CA, 93286"
62,4HXSC1627CC160135,"1099 West Ropes Avenue, Woodlake, CA, 93286"
64,4HXSC1621CC160132,"1099 West Ropes Avenue, Woodlake, CA, 93286"
65,4HXSC1625CC160148,"1099 West Ropes Avenue, Woodlake, CA, 93286
"
66,4HXSC1620CC160137,"1099 West Ropes Avenue, Woodlake, CA, 93286
"
67,"4HXSC1620CC160140
","1099 West Ropes Avenue, Woodlake, CA, 93286
"
68,4HXSC1728FC172264,"1099 West Ropes Avenue, Woodlake, CA, 93286"
69,4HXSC1723GC183660,"1099 West Ropes Avenue, Woodlake, CA, 93286"
70,4HXSC172XGC183722,"1099 West Ropes Avenue, Woodlake, CA, 93286"
71,4HXSC1721GC183642,"1099 West Ropes Avenue, Woodlake, CA, 93286
"
72,4HXSC1627CC162385,"1099 West Ropes Avenue, Woodlake, CA, 93286
"
73,4HXSC1626CC162393,"1099 West Ropes Avenue, Woodlake, CA, 93286
"
74,4HXSC1628CC162427,"1099 West Ropes Avenue, Woodlake, CA, 93286"
75,4HXSC1622CC162388,"1099 West Ropes Avenue, Woodlake, CA, 93286"
76,4HXSC162XDC165234,"1099 West Ropes Avenue, Woodlake, CA, 93286"
77,4HXSC1627DC165207,"1099 West Ropes Avenue, Woodlake, CA, 93286
"
78,4HXSC1623DC165222,"1099 West Ropes Avenue, Woodlake, CA, 93286
"
79,4HXSC1627CC162435,"1099 West Ropes Avenue, Woodlake, CA, 93286
"
80,4HXSC1722FC180117,"1099 West Ropes Avenue, Woodlake, CA, 93286"
81,4HXSC1629DC165242,"1099 West Ropes Avenue, Woodlake, CA, 93286"
82,4HXSC1623CC162450,"1099 West Ropes Avenue, Woodlake, CA, 93286"
83,4HXSC1621CC162432,"1099 West Ropes Avenue, Woodlake, CA, 93286
"
84,4HXSC1623DC165253,"1099 West Ropes Avenue, Woodlake, CA, 93286
"
85,4HXSC1620DC165243,"1099 West Ropes Avenue, Woodlake, CA, 93286
"
86,4HXSC1626DC165246,"1099 West Ropes Avenue, Woodlake, CA, 93286"
87,4HXSC1627DC165286,"1099 West Ropes Avenue, Woodlake, CA, 93286"
88,4HXSC1628CC162363,"1099 West Ropes Avenue, Woodlake, CA, 93286"
89,4HXSC1629DC165273,"1099 West Ropes Avenue, Woodlake, CA, 93286
"
90,4HXSC1626DC165313,"1099 West Ropes Avenue, Woodlake, CA, 93286
"
91,4HXSC1628DC165247,"1099 West Ropes Avenue, Woodlake, CA, 93286
"
92,4HXSC1622DC165289,"1099 West Ropes Avenue, Woodlake, CA, 93286"
93,4HXSC1621DC165204,"1099 West Ropes Avenue, Woodlake, CA, 93286"
94,4HXSC1627DC165305,"1099 West Ropes Avenue, Woodlake, CA, 93286"
95,4HXSC1627DC165238,"1099 West Ropes Avenue, Woodlake, CA, 93286
"
96,4HXSC1623DC165950,"1099 West Ropes Avenue, Woodlake, CA, 93286
"
97,4HXSC1627DC165255,"1099 West Ropes Avenue, Woodlake, CA, 93286
"
98,4HXSC162XDC165265,"1099 West Ropes Avenue, Woodlake, CA, 93286
"
99,4HXSC162XCC162364,"1099 West Ropes Avenue, Woodlake, CA, 93286
"
100,4HXSC1622DC165213,"1099 West Ropes Avenue, Woodlake, CA, 93286"
101,4HXSC162XCC162414,"1099 West Ropes Avenue, Woodlake, CA, 93286"
102,4HXSC1625DC165187,"1099 West Ropes Avenue, Woodlake, CA, 93286"
105,4HXSC1629CC162372,"1099 West Ropes Avenue, Woodlake, CA, 93286
"
106,4HXSC1620DC165291,"1099 West Ropes Avenue, Woodlake, CA, 93286
"
107,4HXSC1620CC162437,"1099 West Ropes Avenue, Woodlake, CA, 93286
"
108,4HXSC1622DC165258,"1099 West Ropes Avenue, Woodlake, CA, 93286"
109,4HXSC1627DC165272,"1099 West Ropes Avenue, Woodlake, CA, 93286"
110,NO VIN,"1099 West Ropes Avenue, Woodlake, CA, 93286"
111,4HXSC1620DC165260,"1099 West Ropes Avenue, Woodlake, CA, 93286
"
114,4HXSC1625CC162448,"1099 West Ropes Avenue, Woodlake, CA, 93286
"
115,4HXSC1622CC162455,"1099 West Ropes Avenue, Woodlake, CA, 93286
"
116,4HXSC1628PC165278,"1099 West Ropes Avenue, Woodlake, CA, 93286"
117,4HXSC1625CC162448,"1099 West Ropes Avenue, Woodlake, CA, 93286"
118,4HXSC1722FC180067,"1099 West Ropes Avenue, Woodlake, CA, 93286"
119,4HXSC1726FC180220,"1099 West Ropes Avenue, Woodlake, CA, 93286
"
120,4HXSC1724FC180068,"1099 West Ropes Avenue, Woodlake, CA, 93286
"
121,4HXSC1729FC180101,"1099 West Ropes Avenue, Woodlake, CA, 93286
"
122,4HXSC1724FC180054,"1099 West Ropes Avenue, Woodlake, CA, 93286"
123,4HXSC1727FC180081,"1099 West Ropes Avenue, Woodlake, CA, 93286"
124,4HXSC1727FC178802,"1099 West Ropes Avenue, Woodlake, CA, 93286"
125,4HXSC1720FC178799,"1099 West Ropes Avenue, Woodlake, CA, 93286
"
126,4HXSC1721FC180111,"1099 West Ropes Avenue, Woodlake, CA, 93286
"
127,4HXSC1729FC180132,"1099 West Ropes Avenue, Woodlake, CA, 93286
"
128,4HXSC1729FC180129,"1099 West Ropes Avenue, Woodlake, CA, 93286"
129,4HXSC1724FC180118,"1099 West Ropes Avenue, Woodlake, CA, 93286"
130,4HXSC1720FC180133,"1099 West Ropes Avenue, Woodlake, CA, 93286"
131,4HXSC1728GC180221,"1099 West Ropes Avenue, Woodlake, CA, 93286
"
132,4HXSC172XGC183610,"1099 West Ropes Avenue, Woodlake, CA, 93286
"
133,4HXSC1720GC183731,"1099 West Ropes Avenue, Woodlake, CA, 93286
"
134,4HXSC1723GC183710,"1099 West Ropes Avenue, Woodlake, CA, 93286"
135,4HXSC1725GC183725,"1099 West Ropes Avenue, Woodlake, CA, 93286"
136,4HXSC1725GC183756,"1099 West Ropes Avenue, Woodlake, CA, 93286"
137,4HXSC1721GC183737,"1099 West Ropes Avenue, Woodlake, CA, 93286
"
138,4HXSC1725GC183711,"1099 West Ropes Avenue, Woodlake, CA, 93286
"
139,4HXSC1722GC183729,"1099 West Ropes Avenue, Woodlake, CA, 93286
"
140,4HXSC1724GC183683,"1099 West Ropes Avenue, Woodlake, CA, 93286
"
141,4HXSC1722GC183665,"1099 West Ropes Avenue, Woodlake, CA, 93286
"
142,4HXSC1725GC183739,"1099 West Ropes Avenue, Woodlake, CA, 93286
"
143,4HXSC1721GC183740,"1099 West Ropes Avenue, Woodlake, CA, 93286
"
144,4HXSC1629DC165306," 5555 Concord Pkwy S, Concord, NC 28027"
145,4HXSC162XCC162445," 5555 Concord Pkwy S, Concord, NC 28027"
146,4HXSC1624CC162442," 5555 Concord Pkwy S, Concord, NC 28027"
147,4HXSC1625DC165318," 5555 Concord Pkwy S, Concord, NC 28027"
148,4HXSC1623DC165303, 8700 Las Vegas Blvd South Las Vegas Nevada 89123
149,4HXSC1625DC165240, 8700 Las Vegas Blvd South Las Vegas Nevada 89123
150,4HXSC1620DC165212, 8700 Las Vegas Blvd South Las Vegas Nevada 89123
151,4HXSC1621DC165252, 8700 Las Vegas Blvd South Las Vegas Nevada 89123
152,4HXSC1620DC165310, 8700 Las Vegas Blvd South Las Vegas Nevada 89123
153,4HXSC1622DC165275, 8700 Las Vegas Blvd South Las Vegas Nevada 89123
154,4HXSC1625DC165254, 8700 Las Vegas Blvd South Las Vegas Nevada 89123
155,4HXSC1624CC162456," 7602 S Avondale Blvd, Avondale, AZ 85323"
156,4HXSC1622DC165311," 7602 S Avondale Blvd, Avondale, AZ 85323"
157,4HXSC1623CC162397," 7602 S Avondale Blvd, Avondale, AZ 85323"
158,4HXSC1622DC165227," 7602 S Avondale Blvd, Avondale, AZ 85323"
159,4HXSC1628DC165331," 7602 S Avondale Blvd, Avondale, AZ 85323"
160,4HXSC1624DC165228," 7602 S Avondale Blvd, Avondale, AZ 85323"
161,4HXSC1623DC165320, 9731 Jackson Rd Sacramento CA 
162,4HXSC1627CC162404, 8700 Las Vegas Blvd South Las Vegas Nevada 89123
163,4HXSC1628DC165281, 8700 Las Vegas Blvd South Las Vegas Nevada 89123
164,4HXSC1625DC165299, 8700 Las Vegas Blvd South Las Vegas Nevada 89123
165,4HXSC1621CC162396, 8700 Las Vegas Blvd South Las Vegas Nevada 89123
166,4HXSC1624DC165309, 8700 Las Vegas Blvd South Las Vegas Nevada 89123
167,4HXSC1628DC165216, 8700 Las Vegas Blvd South Las Vegas Nevada 89123
168,4HXSC1625DC165223, 8700 Las Vegas Blvd South Las Vegas Nevada 89123
169,4HXSC1622DC165230, 8700 Las Vegas Blvd South Las Vegas Nevada 89123
170,4HXSC1620DC165274, 8700 Las Vegas Blvd South Las Vegas Nevada 89123
171,4HXSC1622CC162391, 8700 Las Vegas Blvd South Las Vegas Nevada 89123
172,4HXSC1626DC165327," 7602 S Avondale Blvd, Avondale, AZ 85323"
173,4HXSC1623DC165298, 9731 Jackson Rd Sacramento CA 
174,4HXSC1626CC162362," 5555 Concord Pkwy S, Concord, NC 28027"
175,4HXSC1623DC165317, 8700 Las Vegas Blvd South Las Vegas Nevada 89123
176,4HXSC162XCC162400," 7000 Las Vegas Blvd N, Las Vegas, NV 89115"
177,4HXSC1622DC165292," 7000 Las Vegas Blvd N, Las Vegas, NV 89115"
178,4HXSC1624DC165312," 7000 Las Vegas Blvd N, Las Vegas, NV 89115"
179,4HXSC1623DC165267," 7000 Las Vegas Blvd N, Las Vegas, NV 89115"
180,4HXSC1729GC183730,8700 Las Vegas Blvd South Las Vegas Nevada 89123
181,4HXSC1721CC184547,8700 Las Vegas Blvd South Las Vegas Nevada 89123
182,4HXSC162XDC165198," 1099 West Ropes Avenue, Woodlake, CA, 93286"
183,4HXSC1627CC162449, 8700 Las Vegas Blvd South Las Vegas Nevada 89123
184,4HXSC1621CC162401, 8700 Las Vegas Blvd South Las Vegas Nevada 89123
185,4HXSC1622CC162441, 8700 Las Vegas Blvd South Las Vegas Nevada 89123
186,4HXSC1623CC162383, 8700 Las Vegas Blvd South Las Vegas Nevada 89123
187,4HXSC1622CC162410, 8700 Las Vegas Blvd South Las Vegas Nevada 89123
188,4HXSC1626DC165196, 8700 Las Vegas Blvd South Las Vegas Nevada 89123
189,4HXSC1626DC165330, 8700 Las Vegas Blvd South Las Vegas Nevada 89123
190,4HXSC1627DC165224, 8700 Las Vegas Blvd South Las Vegas Nevada 89123
191,4HXSC1628DC165314, 8700 Las Vegas Blvd South Las Vegas Nevada 89123
192,4HXSC1623CC162402, 8700 Las Vegas Blvd South Las Vegas Nevada 89123
193,4HXSC1623DC165219, 8700 Las Vegas Blvd South Las Vegas Nevada 89123
194,4HXSC1625CC162398, So.Cal Silverlakes 5555 Hamner Ave. Norco CA 92860
195,4HXSC1627CC162418, So.Cal Silverlakes 5555 Hamner Ave. Norco CA 92860
196,4HXSC1620CC162423,8700 Las Vegas Blvd South Las Vegas Nevada 89123
197,4HXSC1625CC162420,8700 Las Vegas Blvd South Las Vegas Nevada 89123
198,4HXSC1622CC162438,8700 Las Vegas Blvd South Las Vegas Nevada 89123
199,4HXSC1624CC162425,8700 Las Vegas Blvd South Las Vegas Nevada 89123
200,4HXSC1629CC162422,8700 Las Vegas Blvd South Las Vegas Nevada 89123
201,4HXSC162XDC165184,8700 Las Vegas Blvd South Las Vegas Nevada 89123
202,4HXSC1628DC165300," 7602 S Avondale Blvd, Avondale, AZ 85323"
203,4HXSC1622CC162424," 7602 S Avondale Blvd, Avondale, AZ 85323"
204,4HXSC1627DC165191," 7602 S Avondale Blvd, Avondale, AZ 85323"
205,4HXSC1628CC162413," 7602 S Avondale Blvd, Avondale, AZ 85323"
206,4HXSC162XDC165217," 7602 S Avondale Blvd, Avondale, AZ 85323"
207,4HXSC1623CC162433," 7602 S Avondale Blvd, Avondale, AZ 85323"
208,4HXSC1624CC162408," 5555 Concord Pkwy S, Concord, NC 28027"
209,4HXSC1624CC162411,"5555 Concord Pkwy S, Concord, NC 28027"
210,4HXSC1625CC162384,"5555 Concord Pkwy S, Concord, NC 28027"
211,4HXSC1620CC162440,"5555 Concord Pkwy S, Concord, NC 28027"
212,4HXSC1621CC162429,"5555 Concord Pkwy S, Concord, NC 28027"
213,4HXSC1621CC162382,"5555 Concord Pkwy S, Concord, NC 28027"
214,4HXSC1621DC165221,"5555 Concord Pkwy S, Concord, NC 28027"
215,4HXSC1629CC162436,"5555 Concord Pkwy S, Concord, NC 28027"
216,4HXSC1625CC162417,"5555 Concord Pkwy S, Concord, NC 28027"
217,4HXSC162XDC165203,"5555 Concord Pkwy S, Concord, NC 28027"
218,4HXSC1624CC162439,"5555 Concord Pkwy S, Concord, NC 28027"
219,4HXSC162XDC165329,"5555 Concord Pkwy S, Concord, NC 28027"
220,4HXSC162XCC162428,"5555 Concord Pkwy S, Concord, NC 28027"
221,4HXSC162XCC162378,"5555 Concord Pkwy S, Concord, NC 28027"
222,4HXSC1629CC162453,"5555 Concord Pkwy S, Concord, NC 28027"
223,4HXSC1620CC162406,"5555 Concord Pkwy S, Concord, NC 28027"
224,4HXSC1624CC162392,"5555 Concord Pkwy S, Concord, NC 28027"
225,4HXSC1620CC162387,"5555 Concord Pkwy S, Concord, NC 28027"
226,4HXSC1625CC162434,"5555 Concord Pkwy S, Concord, NC 28027"
227,4HXSC162XCC162459,8700 Las Vegas Blvd South Las Vegas Nevada 89123
228,4HXSC1629DC165192,8700 Las Vegas Blvd South Las Vegas Nevada 89123
229,4HXSC1626CC162457,8700 Las Vegas Blvd South Las Vegas Nevada 89123
230,4HXSC1624DC165293," 7000 Las Vegas Blvd N, Las Vegas, NV 89115"
231,4HXSC1623DC165236,"7000 Las Vegas Blvd N, Las Vegas, NV 89115"
231,4HXSC1629DC165290,"7000 Las Vegas Blvd N, Las Vegas, NV 89115"
233,4HXSC162XDC165301,"7000 Las Vegas Blvd N, Las Vegas, NV 89115"
234,4HXSC1625DC165237,"7000 Las Vegas Blvd N, Las Vegas, NV 89115"
235,4HXSC1621DC165266,"7000 Las Vegas Blvd N, Las Vegas, NV 89115"
236,4HXSC1621DC165185,"7000 Las Vegas Blvd N, Las Vegas, NV 89115"
237,4HXSC1628CC162380,"7000 Las Vegas Blvd N, Las Vegas, NV 89115"
238,4HXSC1621CC162415,"7000 Las Vegas Blvd N, Las Vegas, NV 89115"
239,4HXSC1629CC162386,"7000 Las Vegas Blvd N, Las Vegas, NV 89115"
240,4HXSC1626CC162376,"7000 Las Vegas Blvd N, Las Vegas, NV 89115"
241,4HXSC1628CC162394,"7000 Las Vegas Blvd N, Las Vegas, NV 89115"
242,4HXSC1625DC165304,"7000 Las Vegas Blvd N, Las Vegas, NV 89115"
243,4HXSC1626DC165280,"7000 Las Vegas Blvd N, Las Vegas, NV 89115"
244,4HXSC1624CC162389,"7000 Las Vegas Blvd N, Las Vegas, NV 89115"
245,4HXSC1626DC165232,"7000 Las Vegas Blvd N, Las Vegas, NV 89115"
246,4HXSC1620CC162390,"7000 Las Vegas Blvd N, Las Vegas, NV 89115"
247,4HXSC1626DC165229,"7000 Las Vegas Blvd N, Las Vegas, NV 89115"
248,4HXSC1627DC165269,"7000 Las Vegas Blvd N, Las Vegas, NV 89115"
249,4HXSC1621CC162365,"7000 Las Vegas Blvd N, Las Vegas, NV 89115"
250,4HXSC1626DC165294,"7000 Las Vegas Blvd N, Las Vegas, NV 89115"
251,4HXSC1620DC165288,"7000 Las Vegas Blvd N, Las Vegas, NV 89115"
252,4HXSC1628CC162458,"7000 Las Vegas Blvd N, Las Vegas, NV 89115"
253,4HXSC1624DC165259,"7000 Las Vegas Blvd N, Las Vegas, NV 89115"
254,4HXSC1623DC165284,"7000 Las Vegas Blvd N, Las Vegas, NV 89115"
255,4HXSC1628DC165233,"7000 Las Vegas Blvd N, Las Vegas, NV 89115"
256,4HXSC162XCC162431,"7000 Las Vegas Blvd N, Las Vegas, NV 89115"
257,4HXSC1629DC165256,"7000 Las Vegas Blvd N, Las Vegas, NV 89115"
258,4HXSC1622CC162407,"7000 Las Vegas Blvd N, Las Vegas, NV 89115"
259,4HXSC1626DC165182,"7000 Las Vegas Blvd N, Las Vegas, NV 89115"
260,4HXSC1627DC165241,"7000 Las Vegas Blvd N, Las Vegas, NV 89115"
261,4HXSC1626DC165201,"7000 Las Vegas Blvd N, Las Vegas, NV 89115"
262,4HXSC162XDC165248,"7000 Las Vegas Blvd N, Las Vegas, NV 89115"
263,4HXSC1623CC162447,"7000 Las Vegas Blvd N, Las Vegas, NV 89115"
264,4HXSC1621DC165199,"7000 Las Vegas Blvd N, Las Vegas, NV 89115"
265,4HXSC1727HC185669, 8700 Las Vegas Blvd South Las Vegas Nevada 89123
266,4HXSC1723HC185667, 8700 Las Vegas Blvd South Las Vegas Nevada 89123
267,4HXSC1723HC185570, 8700 Las Vegas Blvd South Las Vegas Nevada 89123
268,4HXSC1721HC185666, 8700 Las Vegas Blvd South Las Vegas Nevada 89123
269,4HXSC172XHC185665, 8700 Las Vegas Blvd South Las Vegas Nevada 89123
270,4HXSC1725FC180113,"1099 West Ropes Avenue, Woodlake, CA, 93286"
271,4HXSC1726FC178838,"1099 West Ropes Avenue, Woodlake, CA, 93286"
272,4HXSC1729FC180115,"1099 West Ropes Avenue, Woodlake, CA, 93286"
273,4HXSC1723FC178800,"1099 West Ropes Avenue, Woodlake, CA, 93286"
274,4HXSC1728FC173964,"1099 West Ropes Avenue, Woodlake, CA, 93286"
275,4HXSC1629DC165211, 8700 Las Vegas Blvd South Las Vegas Nevada 89123
276,4HXSC1628DC165197, 8700 Las Vegas Blvd South Las Vegas Nevada 89123
277,4HXSC1623DC165186, 8700 Las Vegas Blvd South Las Vegas Nevada 89123
278,4HXSC1628DC165202, 8700 Las Vegas Blvd South Las Vegas Nevada 89123
279,4HXSC1628DC165295, 8700 Las Vegas Blvd South Las Vegas Nevada 89123
280,4HXSC1626DC165215, 8700 Las Vegas Blvd South Las Vegas Nevada 89123
281,4HXSC1621DC165297, 8700 Las Vegas Blvd South Las Vegas Nevada 89123
282,4HXSC1624DC165200, 8700 Las Vegas Blvd South Las Vegas Nevada 89123
283,4HXSC1628DC165183, 8700 Las Vegas Blvd South Las Vegas Nevada 89123
284,4HXSC162XDC165279, 8700 Las Vegas Blvd South Las Vegas Nevada 89123
285,4HXSC1624DC165214, 8700 Las Vegas Blvd South Las Vegas Nevada 89123
286,4HXSC1623DC165205, 8700 Las Vegas Blvd South Las Vegas Nevada 89123
287,4HXSC1622DC165194, 8700 Las Vegas Blvd South Las Vegas Nevada 89123
288,4HXSC1625DC165190, 8700 Las Vegas Blvd South Las Vegas Nevada 89123
289,4HXSC1624DC165195, 8700 Las Vegas Blvd South Las Vegas Nevada 89123
1197,4HXSC1725FC180192,"1099 West Ropes Avenue, Woodlake, CA, 93286"
1198,4HXSC172SFC180169,"1099 West Ropes Avenue, Woodlake, CA, 93286"
1199,4HXSC1727GC184343,"1099 West Ropes Avenue, Woodlake, CA, 93286"
1200,4HXSC172XGC184336,"1099 West Ropes Avenue, Woodlake, CA, 93286"
1201,1U92E2222FW081122,"1099 West Ropes Avenue, Woodlake, CA, 93286"
1202,1U92E2223FW081095,"1099 West Ropes Avenue, Woodlake, CA, 93286"
1203,1U92E2223FW081100,"1099 West Ropes Avenue, Woodlake, CA, 93286"
1204,1U92E2227FW081147,"1099 West Ropes Avenue, Woodlake, CA, 93286"
1205,4HXSC1720GC180974,"1099 West Ropes Avenue, Woodlake, CA, 93286"
1206,4HXSC1724GC181027,"1099 West Ropes Avenue, Woodlake, CA, 93286"
1207,4HXSC1724GC181030,"1099 West Ropes Avenue, Woodlake, CA, 93286"
1208,VIN: 4HXSC1727GC181037,"1099 West Ropes Avenue, Woodlake, CA, 93286"
1209,4HXSC172XGC180996,"1099 West Ropes Avenue, Woodlake, CA, 93286"
1210,4HXSC1723GC181035,"1099 West Ropes Avenue, Woodlake, CA, 93286"
1211,4HXSC1729GC181038,"1099 West Ropes Avenue, Woodlake, CA, 93286"
1212,4HXSC1725GC181022,"1099 West Ropes Avenue, Woodlake, CA, 93286"
1213,4HXSC1722GC181026,"1099 West Ropes Avenue, Woodlake, CA, 93286"
1214,4HXSC1722GC180961,"1099 West Ropes Avenue, Woodlake, CA, 93286"
1215,4HXSC1726GC181031,"1099 West Ropes Avenue, Woodlake, CA, 93286"
1216,4HXSC1725GC181019,"1099 West Ropes Avenue, Woodlake, CA, 93286"
1217,4HXSC1727GC180969,"1099 West Ropes Avenue, Woodlake, CA, 93286"
1218,4HXSC1726GC181028,"1099 West Ropes Avenue, Woodlake, CA, 93286"
1219,4HXSC1722GC180913,"1099 West Ropes Avenue, Woodlake, CA, 93286"
1220,4HXSC1720GC180909,"1099 West Ropes Avenue, Woodlake, CA, 93286"
1221,4HXSC1725GC180906,"1099 West Ropes Avenue, Woodlake, CA, 93286"
1222,4HXSC1722GC184377,"1099 West Ropes Avenue, Woodlake, CA, 93286"
1223,4HXSC1724GC184350,"1099 West Ropes Avenue, Woodlake, CA, 93286"
1224,4HXSC1726GC184365,"1099 West Ropes Avenue, Woodlake, CA, 93286"
1225,4HXSC1727GC184360,"1099 West Ropes Avenue, Woodlake, CA, 93286"
1226,4HXSC1728GC184366,"1099 West Ropes Avenue, Woodlake, CA, 93286"
1227,4HXSC1727GC180907,"1099 West Ropes Avenue, Woodlake, CA, 93286"
1228,4HXSC1725GC184373,"1099 West Ropes Avenue, Woodlake, CA, 93286"
1229,4HXSC1723GC184338,"1099 West Ropes Avenue, Woodlake, CA, 93286"
1230,4HXSC1728GC184335,"1099 West Ropes Avenue, Woodlake, CA, 93286"
1231,4HXSC1720GC184345,"1099 West Ropes Avenue, Woodlake, CA, 93286"
1232,4HXSC1722GC184346,"1099 West Ropes Avenue, Woodlake, CA, 93286"
1233,4HXSC1723GC184355,"1099 West Ropes Avenue, Woodlake, CA, 93286"
1234,4HXSC1725GC184339,"1099 West Ropes Avenue, Woodlake, CA, 93286"
1235,4HXSC1723GC184324,"1099 West Ropes Avenue, Woodlake, CA, 93286"
1236,4HXSC1728GC184383,"1099 West Ropes Avenue, Woodlake, CA, 93286"
1237,4HXSC1723GC184386,"1099 West Ropes Avenue, Woodlake, CA, 93286"
1238,4HXSC1729GC184344,"1099 West Ropes Avenue, Woodlake, CA, 93286"
1239,4HXSC1727GC184374,"1099 West Ropes Avenue, Woodlake, CA, 93286"
1240,4HXSC1726GC184348,"1099 West Ropes Avenue, Woodlake, CA, 93286"
1241,4HXSC1728GC184349,"1099 West Ropes Avenue, Woodlake, CA, 93286"
1242,4HXSC1721GC184354,"1099 West Ropes Avenue, Woodlake, CA, 93286"
1243,4HXSC1726GC184351,"1099 West Ropes Avenue, Woodlake, CA, 93286"
1244,4HXSC1724GC184378,"1099 West Ropes Avenue, Woodlake, CA, 93286"
1245,4HXSC1722GC184380,"1099 West Ropes Avenue, Woodlake, CA, 93286"
1246,1U92E2226FW081169,"1099 West Ropes Avenue, Woodlake, CA, 93286"
1247,1U92E2223FW081128,"1099 West Ropes Avenue, Woodlake, CA, 93286"
1248,1U92E2226FW081138,"1099 West Ropes Avenue, Woodlake, CA, 93286"
1249,1U92E2223FW081047,"1099 West Ropes Avenue, Woodlake, CA, 93286"
1250,1U92E2224FW081039,"1099 West Ropes Avenue, Woodlake, CA, 93286"
1251,1U92E2227FW081164,"1099 West Ropes Avenue, Woodlake, CA, 93286"
1252,1U92E2221FW081077,"1099 West Ropes Avenue, Woodlake, CA, 93286"
1253,1U92E2225FW081194,"1099 West Ropes Avenue, Woodlake, CA, 93286"
1254,1U92E2227FW0881181,"1099 West Ropes Avenue, Woodlake, CA, 93286"
1255,1U92E2228FW081075,"1099 West Ropes Avenue, Woodlake, CA, 93286"
1256,VIN: 1U92ZE2222FW081167,"1099 West Ropes Avenue, Woodlake, CA, 93286"
1257,1U92E2221FW081046,"1099 West Ropes Avenue, Woodlake, CA, 93286"
1258,1U92E2222FW081010,"1099 West Ropes Avenue, Woodlake, CA, 93286"
1259,1U92E2226FW081172,"1099 West Ropes Avenue, Woodlake, CA, 93286"
1260,1U92E222XFW081126,"1099 West Ropes Avenue, Woodlake, CA, 93286"
1261,1U92E2224FW081168,"1099 West Ropes Avenue, Woodlake, CA, 93286"
1262,1U92E2223FW081131,"1099 West Ropes Avenue, Woodlake, CA, 93286"
1263,1U92E2225FW081101,"1099 West Ropes Avenue, Woodlake, CA, 93286"
1264,1U92E2228FW081156,"1099 West Ropes Avenue, Woodlake, CA, 93286"
1265,1U92E2226FW081074,"1099 West Ropes Avenue, Woodlake, CA, 93286"
1266,1U92E2229FW081165,"1099 West Ropes Avenue, Woodlake, CA, 93286"
1267,1U92E2228FW081187,"1099 West Ropes Avenue, Woodlake, CA, 93286"
1268,1U92E2221FW081001,"1099 West Ropes Avenue, Woodlake, CA, 93286"
1269,1U92E2226FW081110,"1099 West Ropes Avenue, Woodlake, CA, 93286"
1270,1U92E2229FW081151,"1099 West Ropes Avenue, Woodlake, CA, 93286"
1271,1U92E2229FW081120,"1099 West Ropes Avenue, Woodlake, CA, 93286"
1272,1U92E222XFW081417,"1099 West Ropes Avenue, Woodlake, CA, 93286"
1273,1U92E2228FW081173,"1099 West Ropes Avenue, Woodlake, CA, 93286"
1274,1U92E2220FW081264,"1099 West Ropes Avenue, Woodlake, CA, 93286"
1275,1U92E2222FW081069,"1099 West Ropes Avenue, Woodlake, CA, 93286"
1276,1U92E2222FW081072,"1099 West Ropes Avenue, Woodlake, CA, 93286"
1277,1U92E2229FW081179,"1099 West Ropes Avenue, Woodlake, CA, 93286"
1278,1U92E2222FW081086,"1099 West Ropes Avenue, Woodlake, CA, 93286"
1279,1U92E2229FW081117,"1099 West Ropes Avenue, Woodlake, CA, 93286"
1280,1U92E2220FW081040,"1099 West Ropes Avenue, Woodlake, CA, 93286"
1281,1U92E2228FW081058,"1099 West Ropes Avenue, Woodlake, CA, 93286"
1282,1U92E2229FW081182,"1099 West Ropes Avenue, Woodlake, CA, 93286"
1283,1U92E2224FW081347,"1099 West Ropes Avenue, Woodlake, CA, 93286"
1284,1U92E2229FW081022,"1099 West Ropes Avenue, Woodlake, CA, 93286"
1285,1U92E2228FW081044,"1099 West Ropes Avenue, Woodlake, CA, 93286"
1286,1U92E2226FW081186,"1099 West Ropes Avenue, Woodlake, CA, 93286"
1287,1U92E2228FW081125,"1099 West Ropes Avenue, Woodlake, CA, 93286"
1288,1U92E2222FW081038,"1099 West Ropes Avenue, Woodlake, CA, 93286"
1289,1U92E2222FW081041,"1099 West Ropes Avenue, Woodlake, CA, 93286"
1290,1U92E2225FW081096,"1099 West Ropes Avenue, Woodlake, CA, 93286"
1291,1U92E2224FW081056,"1099 West Ropes Avenue, Woodlake, CA, 93286"
1292,1U92E2228FW081111,"1099 West Ropes Avenue, Woodlake, CA, 93286"
1293,1U92E222XFW081112,"1099 West Ropes Avenue, Woodlake, CA, 93286"
1294,1U92E2221FW081113,"1099 West Ropes Avenue, Woodlake, CA, 93286"
1295,1U92E2220FW081118,"1099 West Ropes Avenue, Woodlake, CA, 93286"
1296,1U92E2227FW081116,"1099 West Ropes Avenue, Woodlake, CA, 93286"
1297,1U92E2220FW081085,"1099 West Ropes Avenue, Woodlake, CA, 93286"
1298,1U92E2225FW081115,"1099 West Ropes Avenue, Woodlake, CA, 93286"
1299,1U92E2229FW081134,"1099 West Ropes Avenue, Woodlake, CA, 93286"
1300,1U92E2225FW081082,"1099 West Ropes Avenue, Woodlake, CA, 93286"
1301,1U92E2227FW081083,"1099 West Ropes Avenue, Woodlake, CA, 93286"
1302,1U92E2223FW081114,"1099 West Ropes Avenue, Woodlake, CA, 93286"
1303,1U92E2229FW081084,"1099 West Ropes Avenue, Woodlake, CA, 93286"
1304,1U92E2225FW081079,"1099 West Ropes Avenue, Woodlake, CA, 93286"
1305,1U92E2223FW081078,"1099 West Ropes Avenue, Woodlake, CA, 93286"
1306,1U92E2223FW081064,"1099 West Ropes Avenue, Woodlake, CA, 93286"
1307,1U92E222XFW081076,"1099 West Ropes Avenue, Woodlake, CA, 93286"
1308,1U92E2221FW081080,"1099 West Ropes Avenue, Woodlake, CA, 93286"
1309,1U92E2224FW081073,"1099 West Ropes Avenue, Woodlake, CA, 93286"
1310,1U92E2225FW081065,"1099 West Ropes Avenue, Woodlake, CA, 93286"
1311,1U92E2223FW081081,"1099 West Ropes Avenue, Woodlake, CA, 93286"
1312,1U92E2220FW081071,"1099 West Ropes Avenue, Woodlake, CA, 93286"
1313,1U92E2227FW081066,"1099 West Ropes Avenue, Woodlake, CA, 93286"
1314,1U92E2229FW081070,"1099 West Ropes Avenue, Woodlake, CA, 93286"
1315,VIN: 1U92E2229FW081019,"1099 West Ropes Avenue, Woodlake, CA, 93286"
1316,1U92E2227FW081018,"1099 West Ropes Avenue, Woodlake, CA, 93286"
1317,1U92E2223FW081016,"1099 West Ropes Avenue, Woodlake, CA, 93286"
1318,1U92E2222FW081055,"1099 West Ropes Avenue, Woodlake, CA, 93286"
1319,1U92E2221FW081161,"1099 West Ropes Avenue, Woodlake, CA, 93286"
1320,1U92E2223FW081159,"1099 West Ropes Avenue, Woodlake, CA, 93286"
1321,1U92E2222FW081170,"1099 West Ropes Avenue, Woodlake, CA, 93286"
1322,1U92E2222FW081024,"1099 West Ropes Avenue, Woodlake, CA, 93286"
1323,1U92E222XFW081157,"1099 West Ropes Avenue, Woodlake, CA, 93286"
1324,1U92E222XFW081160,"1099 West Ropes Avenue, Woodlake, CA, 93286"
1325,1U92E2223FW081162,"1099 West Ropes Avenue, Woodlake, CA, 93286"
1326,1U92E222XFW081045,"1099 West Ropes Avenue, Woodlake, CA, 93286"
1327,1U92E2220FW081023,"1099 West Ropes Avenue, Woodlake, CA, 93286"
1328,1U92E2224FW081171,"1099 West Ropes Avenue, Woodlake, CA, 93286"
1329,1U92E2221FW081158,"1099 West Ropes Avenue, Woodlake, CA, 93286"
1330,1U92E2220FW081197,"1099 West Ropes Avenue, Woodlake, CA, 93286"
1331,1U92E2222FW081198,"1099 West Ropes Avenue, Woodlake, CA, 93286"
1332,1U92E2227FW081195,"1099 West Ropes Avenue, Woodlake, CA, 93286"
1333,1U92E2225FW081177,"1099 West Ropes Avenue, Woodlake, CA, 93286"
1334,1U92E2229FW081196,"1099 West Ropes Avenue, Woodlake, CA, 93286"
1335,1U92E2229FW081067,"1099 West Ropes Avenue, Woodlake, CA, 93286"
1336,1U92E2221FW081063,"1099 West Ropes Avenue, Woodlake, CA, 93286"
1337,1U92E2220FW081068,"1099 West Ropes Avenue, Woodlake, CA, 93286"
1338,1U92E2228FW081061,"1099 West Ropes Avenue, Woodlake, CA, 93286"
1339,1U92E2226FW081043,"1099 West Ropes Avenue, Woodlake, CA, 93286"
1340,1U92E2221FW081175,"1099 West Ropes Avenue, Woodlake, CA, 93286"
1341,1U92E222XFW081014,"1099 West Ropes Avenue, Woodlake, CA, 93286"
1342,1U92E2224FW081042,"1099 West Ropes Avenue, Woodlake, CA, 93286"
1343,1U92E2225FW081017,"1099 West Ropes Avenue, Woodlake, CA, 93286"
1344,1U92E2226FW081012,"1099 West Ropes Avenue, Woodlake, CA, 93286"
1345,1U92E2220FW081006,"1099 West Ropes Avenue, Woodlake, CA, 93286"
1346,1U92E2222FW081007,"1099 West Ropes Avenue, Woodlake, CA, 93286"
1347,1U92E2228FW081013,"1099 West Ropes Avenue, Woodlake, CA, 93286"
1348,1U92E2229FW081005,"1099 West Ropes Avenue, Woodlake, CA, 93286"
1349,1U92E2220FW081166,"1099 West Ropes Avenue, Woodlake, CA, 93286"
1350,1U92E2221FW081015,"1099 West Ropes Avenue, Woodlake, CA, 93286"
1351,1U92E2225FW081003,"1099 West Ropes Avenue, Woodlake, CA, 93286"
1352,1U92E2223FW081002,"1099 West Ropes Avenue, Woodlake, CA, 93286"
1353,1U92E2223FW081033,"1099 West Ropes Avenue, Woodlake, CA, 93286"
1354,1U92E2227FW081004,"1099 West Ropes Avenue, Woodlake, CA, 93286"
1355,1U92E2225FW081180,"1099 West Ropes Avenue, Woodlake, CA, 93286"
1356,1U92E2227FW081150,"1099 West Ropes Avenue, Woodlake, CA, 93286"
1357,1U92E2224FW081011,"1099 West Ropes Avenue, Woodlake, CA, 93286"
1358,1U92E2227FW081178,"1099 West Ropes Avenue, Woodlake, CA, 93286"
1359,1U92E2226FW081107,"1099 West Ropes Avenue, Woodlake, CA, 93286"
1360,1U92E2224FW081154,"1099 West Ropes Avenue, Woodlake, CA, 93286"
1361,1U92E2222FW081475,"1099 West Ropes Avenue, Woodlake, CA, 93286"
1362,1U92E222XFW081109,"1099 West Ropes Avenue, Woodlake, CA, 93286"
1363,1U92E222XFW081174,"1099 West Ropes Avenue, Woodlake, CA, 93286"
1364,1U92E2222FW081217,"1099 West Ropes Avenue, Woodlake, CA, 93286"
1365,1U92E2228FW081108,"1099 West Ropes Avenue, Woodlake, CA, 93286"
1366,1U92E2227FW081133,"1099 West Ropes Avenue, Woodlake, CA, 93286"
1367,1U92E2228FW081495,"1099 West Ropes Avenue, Woodlake, CA, 93286"
1368,1U92E2223FW081193,"1099 West Ropes Avenue, Woodlake, CA, 93286"
1369,1U92E2225FW081132,"1099 West Ropes Avenue, Woodlake, CA, 93286"
1370,1U92E2224FW081218,"1099 West Ropes Avenue, Woodlake, CA, 93286"
1371,1U92E2220FW081152,"1099 West Ropes Avenue, Woodlake, CA, 93286"
1372,1U92E2224FW081123,"1099 West Ropes Avenue, Woodlake, CA, 93286"
1373,1U92E2226FW081057,"1099 West Ropes Avenue, Woodlake, CA, 93286"
1374,1U92E2228FW081027,"1099 West Ropes Avenue, Woodlake, CA, 93286"
1375,1U92E2225FW081146,"1099 West Ropes Avenue, Woodlake, CA, 93286"
1376,1U92E222XFW081031,"1099 West Ropes Avenue, Woodlake, CA, 93286"
1377,1U92E222XFW081028,"1099 West Ropes Avenue, Woodlake, CA, 93286"
1378,1U92E2221FW081032,"1099 West Ropes Avenue, Woodlake, CA, 93286"
1379,1U92E2227FW081021,"1099 West Ropes Avenue, Woodlake, CA, 93286"
1380,1U92E2226FW081026,"1099 West Ropes Avenue, Woodlake, CA, 93286"
1381,1U92E2220FW081037,"1099 West Ropes Avenue, Woodlake, CA, 93286"
1382,1U92E2228FW081030,"1099 West Ropes Avenue, Woodlake, CA, 93286"
1383,1U92E2224FW081025,"1099 West Ropes Avenue, Woodlake, CA, 93286"
1384,1U92E2221FW081029,"1099 West Ropes Avenue, Woodlake, CA, 93286"
1385,1U92E2224FW081008,"1099 West Ropes Avenue, Woodlake, CA, 93286"
1386,1U92E2225FW081034,"1099 West Ropes Avenue, Woodlake, CA, 93286"
1387,1U92E2225FW081020,"1099 West Ropes Avenue, Woodlake, CA, 93286"
1388,1U92E2226FW081009,"1099 West Ropes Avenue, Woodlake, CA, 93286"
1389,1U92E2221FW081127,"1099 West Ropes Avenue, Woodlake, CA, 93286"
1390,1U92E2226FW081060,"1099 West Ropes Avenue, Woodlake, CA, 93286"
1391,1U92E2220FW081183,"1099 West Ropes Avenue, Woodlake, CA, 93286"
1392,1U92E2224FW081087,"1099 West Ropes Avenue, Woodlake, CA, 93286"
1393,1U92E2227FW081102,"1099 West Ropes Avenue, Woodlake, CA, 93286"
1394,1U92E2224FW081106,"1099 West Ropes Avenue, Woodlake, CA, 93286"
1395,1U92E2226FW081088,"1099 West Ropes Avenue, Woodlake, CA, 93286"
1396,1U92E2221FW081189,"1099 West Ropes Avenue, Woodlake, CA, 93286"
1397,1U92E222XFW081191,"1099 West Ropes Avenue, Woodlake, CA, 93286"
1398,1U92E2220FW081099,"1099 West Ropes Avenue, Woodlake, CA, 93286"
1399,1U92E222XFW08118,"1099 West Ropes Avenue, Woodlake, CA, 93286"
1400,1U92E2220FW081054,"1099 West Ropes Avenue, Woodlake, CA, 93286"
1401,1U92E2221FW081094,"1099 West Ropes Avenue, Woodlake, CA, 93286"
1402,1U92E2229FW081103,"1099 West Ropes Avenue, Woodlake, CA, 93286"
1203,1U92E2222FW081105,"1099 West Ropes Avenue, Woodlake, CA, 93286"
1404,1U92E2222FW081136,"1099 West Ropes Avenue, Woodlake, CA, 93286"
1405,1U92E2220FW081104,"1099 West Ropes Avenue, Woodlake, CA, 93286"
1406,1U92E2225FW081051,"1099 West Ropes Avenue, Woodlake, CA, 93286"
1407,1U92E2229FW081263,"1099 West Ropes Avenue, Woodlake, CA, 93286"
1408,1U92E2227FW081052,"1099 West Ropes Avenue, Woodlake, CA, 93286"
1409,1U92E2229FW081053,"1099 West Ropes Avenue, Woodlake, CA, 93286"
1410,1U92E2223FW081050,"1099 West Ropes Avenue, Woodlake, CA, 93286"
1411,1U92E2224FW081266,"1099 West Ropes Avenue, Woodlake, CA, 93286"
1412,1U92E2225FW081048,"1099 West Ropes Avenue, Woodlake, CA, 93286"
1413,1U92E2227FW081049,"1099 West Ropes Avenue, Woodlake, CA, 93286"
1414,1U92E222XFW081059,"1099 West Ropes Avenue, Woodlake, CA, 93286"
1415,1U92E222XFW081059,"1099 West Ropes Avenue, Woodlake, CA, 93286"
1416,1U92E2226FW081155,"1099 West Ropes Avenue, Woodlake, CA, 93286"
1417,1U92E2223FW081176,"1099 West Ropes Avenue, Woodlake, CA, 93286"
1418,1U92E2222FW081184,"1099 West Ropes Avenue, Woodlake, CA, 93286"
1419,1U92E2224FW081185,"1099 West Ropes Avenue, Woodlake, CA, 93286"
1420,1U92E2229FW081036,"1099 West Ropes Avenue, Woodlake, CA, 93286"
1421,1U92E2228FW081190,"1099 West Ropes Avenue, Woodlake, CA, 93286"
1422,1U92E2221FW081192,"1099 West Ropes Avenue, Woodlake, CA, 93286"
1423,1U92E2227FW081035,"1099 West Ropes Avenue, Woodlake, CA, 93286"
1424,1U92E2226FW081754,"1099 West Ropes Avenue, Woodlake, CA, 93286"
1425,1U92E2228FW081772,"1099 West Ropes Avenue, Woodlake, CA, 93286"
1426,1U92E2227FW081780,"1099 West Ropes Avenue, Woodlake, CA, 93286"
1427,1U92E2221FW081760,"1099 West Ropes Avenue, Woodlake, CA, 93286"
1428,1U92E2228FW081819,"1099 West Ropes Avenue, Woodlake, CA, 93286"
1429,1U92E2221FW081757,"1099 West Ropes Avenue, Woodlake, CA, 93286"
1430,1U92E2221FW081709,"1099 West Ropes Avenue, Woodlake, CA, 93286"
1431,1U92E2225FW081759,"1099 West Ropes Avenue, Woodlake, CA, 93286"
1432,1U92E2228FW081724,"1099 West Ropes Avenue, Woodlake, CA, 93286"
1433,VIN: 1U92E2220FW081720,"1099 West Ropes Avenue, Woodlake, CA, 93286"
1434,1U92E2223FW081713,"1099 West Ropes Avenue, Woodlake, CA, 93286"
1435,1U92E2225FW081535,"1099 West Ropes Avenue, Woodlake, CA, 93286"
1436,1U92E2227FW081715,"1099 West Ropes Avenue, Woodlake, CA, 93286"
1437,1U92E222XFW081823,"1099 West Ropes Avenue, Woodlake, CA, 93286"
1438,1U92E2228FW081822,"1099 West Ropes Avenue, Woodlake, CA, 93286"
1439,1U92E2228FW081836,"1099 West Ropes Avenue, Woodlake, CA, 93286"
1440,1U92E2224FW081722,"1099 West Ropes Avenue, Woodlake, CA, 93286"
1441,1U92E2227FW081701,"1099 West Ropes Avenue, Woodlake, CA, 93286"
1442,1U92E2220FW081572,"1099 West Ropes Avenue, Woodlake, CA, 93286"
1443,1U92E2227FW081441,"1099 West Ropes Avenue, Woodlake, CA, 93286"
1444,1U92E2229FW081828,"1099 West Ropes Avenue, Woodlake, CA, 93286"
1445,1U92E2220FW081717,"1099 West Ropes Avenue, Woodlake, CA, 93286"
1446,1U92E2221FW081712,"1099 West Ropes Avenue, Woodlake, CA, 93286"
1447,1U92E2225FW081454,"1099 West Ropes Avenue, Woodlake, CA, 93286"
1448,1U92E222XFW081742,"1099 West Ropes Avenue, Woodlake, CA, 93286"
1449,1U92E222XFW081739,"1099 West Ropes Avenue, Woodlake, CA, 93286"
1450,1U92E2223FW081727,"1099 West Ropes Avenue, Woodlake, CA, 93286"
1451,1U92E2224FW081719,"1099 West Ropes Avenue, Woodlake, CA, 93286"
1452,1U92E2226FW081737,"1099 West Ropes Avenue, Woodlake, CA, 93286"
1453,1U92E2221FW081743,"1099 West Ropes Avenue, Woodlake, CA, 93286"
1454,1U92E2225FW081714,"1099 West Ropes Avenue, Woodlake, CA, 93286"
1455,1U92E2229FW081733,"1099 West Ropes Avenue, Woodlake, CA, 93286"
1456,1U92E2226FW081706,"1099 West Ropes Avenue, Woodlake, CA, 93286"
1457,1U92E2223FW081730,"1099 West Ropes Avenue, Woodlake, CA, 93286"
1458,1U92E2228FW081738,"1099 West Ropes Avenue, Woodlake, CA, 93286"
1459,1U92E222XFW081708,"1099 West Ropes Avenue, Woodlake, CA, 93286"
1460,1U92E2223FW081744,"1099 West Ropes Avenue, Woodlake, CA, 93286"
1461,1U92E2225FW081728,"1099 West Ropes Avenue, Woodlake, CA, 93286"
1462,1U92E222XFW081725,"1099 West Ropes Avenue, Woodlake, CA, 93286"
1463,1U92E2224FW081736,"1099 West Ropes Avenue, Woodlake, CA, 93286"
1464,1U92E2221FW081726,"1099 West Ropes Avenue, Woodlake, CA, 93286"
1465,1U92E2226FW081723,"1099 West Ropes Avenue, Woodlake, CA, 93286"
1466,1U92E2227FW081729,"1099 West Ropes Avenue, Woodlake, CA, 93286"
1467,1U92E2228FW081741,"1099 West Ropes Avenue, Woodlake, CA, 93286"
1468,1U92E2222FW081735,"1099 West Ropes Avenue, Woodlake, CA, 93286"
1469,1U92E2228FW081707,"1099 West Ropes Avenue, Woodlake, CA, 93286"
1470,1U92E2225FW081731,"1099 West Ropes Avenue, Woodlake, CA, 93286"
1471,1U92E2224FW081705,"1099 West Ropes Avenue, Woodlake, CA, 93286"
1472,1U92E2220FW081734,"1099 West Ropes Avenue, Woodlake, CA, 93286"
1473,1U92E2227FW081732,"1099 West Ropes Avenue, Woodlake, CA, 93286"
1474,1U92E2225FW081745,"1099 West Ropes Avenue, Woodlake, CA, 93286"
1475,1U92E2225FW081762,"1099 West Ropes Avenue, Woodlake, CA, 93286"
1476,1U92E2220FW081846,"1099 West Ropes Avenue, Woodlake, CA, 93286"
1477,1U92E2229FW081893,"1099 West Ropes Avenue, Woodlake, CA, 93286"
1478,1U92E2226FW081866,"1099 West Ropes Avenue, Woodlake, CA, 93286"
1479,VIN: 1U92E2220FW081457,"1099 West Ropes Avenue, Woodlake, CA, 93286"
1480,1U92E2228FW081710,"1099 West Ropes Avenue, Woodlake, CA, 93286"
1481,1U92E222XFW081711,"1099 West Ropes Avenue, Woodlake, CA, 93286"
1482,1U92E2222FW081444,"1099 West Ropes Avenue, Woodlake, CA, 93286"
1483,1U92E2224FW081459,"1099 West Ropes Avenue, Woodlake, CA, 93286"
1484,1U92E2220FW081443,"1099 West Ropes Avenue, Woodlake, CA, 93286"
1485,1U92E2229FW081716,"1099 West Ropes Avenue, Woodlake, CA, 93286"
1486,1U92E2226FW081740,"1099 West Ropes Avenue, Woodlake, CA, 93286"
1487,1U92E2222FW081718,"1099 West Ropes Avenue, Woodlake, CA, 93286"
1488,1U92E2223FW081758,"1099 West Ropes Avenue, Woodlake, CA, 93286"
1489,1U92E2224FW081820,"1099 West Ropes Avenue, Woodlake, CA, 93286"
1490,1U92E222XFW081482,"1099 West Ropes Avenue, Woodlake, CA, 93286"
1491,1U92E2222FW081721,"1099 West Ropes Avenue, Woodlake, CA, 93286"
1492,1U92E2220FW081815,"1099 West Ropes Avenue, Woodlake, CA, 93286"
1493,1U92E2220FW081491,"1099 West Ropes Avenue, Woodlake, CA, 93286"
1494,1U92E2221FW081824,"1099 West Ropes Avenue, Woodlake, CA, 93286"
1495,1U92E2229FW081747,"1099 West Ropes Avenue, Woodlake, CA, 93286"
1496,1U92E2228FW081402,"1099 West Ropes Avenue, Woodlake, CA, 93286"
1497,1U92E2220FW081748,"1099 West Ropes Avenue, Woodlake, CA, 93286"
1498,1U92E2221FW081791,"1099 West Ropes Avenue, Woodlake, CA, 93286"
1499,1U92E2227FW081486,"1099 West Ropes Avenue, Woodlake, CA, 93286"
1500,1U92E2224FW081445,"1099 West Ropes Avenue, Woodlake, CA, 93286"
1501,1U92E2227FW081746,"1099 West Ropes Avenue, Woodlake, CA, 93286"
1502,1U92E222XFW081787,"1099 West Ropes Avenue, Woodlake, CA, 93286"
1503,1U92E2220FW081751,"1099 West Ropes Avenue, Woodlake, CA, 93286"
1504,1U92E2222FW081752,"1099 West Ropes Avenue, Woodlake, CA, 93286"
1505,1U92E2222FW081749,"1099 West Ropes Avenue, Woodlake, CA, 93286"
1506,1U92E2229FW081750,"1099 West Ropes Avenue, Woodlake, CA, 93286"
1507,1U92E2226FW081785,"1099 West Ropes Avenue, Woodlake, CA, 93286"
1508,1U92E2224FW081753,"1099 West Ropes Avenue, Woodlake, CA, 93286"
1509,1U92E2220FW081782,"1099 West Ropes Avenue, Woodlake, CA, 93286"
1510,1U92E222XFW081756,"1099 West Ropes Avenue, Woodlake, CA, 93286"
1511,1U92E2228FW081755,"1099 West Ropes Avenue, Woodlake, CA, 93286"
1512,1U92E2222FW081783,"1099 West Ropes Avenue, Woodlake, CA, 93286"
1513,1U92E2223FW081761,"1099 West Ropes Avenue, Woodlake, CA, 93286"
1514,1U92E2223FW081825,"1099 West Ropes Avenue, Woodlake, CA, 93286"
1515,1U92E2226FW081821,"1099 West Ropes Avenue, Woodlake, CA, 93286"
1516,1U92E2226FW081818,"1099 West Ropes Avenue, Woodlake, CA, 93286"
1517,1U92E2226FW081768,"1099 West Ropes Avenue, Woodlake, CA, 93286"
1518,1U92E2228FW081769,"1099 West Ropes Avenue, Woodlake, CA, 93286"
1519,1U92E2220FW081765,"1099 West Ropes Avenue, Woodlake, CA, 93286"
1520,1U92E2227FW081763,"1099 West Ropes Avenue, Woodlake, CA, 93286"
1521,VIN: 1U92E2229FW081764,"1099 West Ropes Avenue, Woodlake, CA, 93286"
1522,1U92E2222FW081766,"1099 West Ropes Avenue, Woodlake, CA, 93286"
1523,1U92E2226FW081771,"1099 West Ropes Avenue, Woodlake, CA, 93286"
1524,1U92E2224FW081767,"1099 West Ropes Avenue, Woodlake, CA, 93286"
1525,1U92E2225FW081776,"1099 West Ropes Avenue, Woodlake, CA, 93286"
1526,1U92E2224FW081770,"1099 West Ropes Avenue, Woodlake, CA, 93286"
1527,1U92E2223FW081775,"1099 West Ropes Avenue, Woodlake, CA, 93286"
1528,1U92E222XFW081773,"1099 West Ropes Avenue, Woodlake, CA, 93286"
1529,1U92E2221FW081774,"1099 West Ropes Avenue, Woodlake, CA, 93286"
1530,1U92E2229FW081778,"1099 West Ropes Avenue, Woodlake, CA, 93286"
1531,1U92E2228FW081786,"1099 West Ropes Avenue, Woodlake, CA, 93286"
1532,1U92E2229FW081781,"1099 West Ropes Avenue, Woodlake, CA, 93286"
1533,1U92E2224FW081784,"1099 West Ropes Avenue, Woodlake, CA, 93286"
1534,1U92E2227FW081777,"1099 West Ropes Avenue, Woodlake, CA, 93286"
1535,1U92E2227FW081827,"1099 West Ropes Avenue, Woodlake, CA, 93286"
1536,1U92E2220FW081832,"1099 West Ropes Avenue, Woodlake, CA, 93286"
1537,1U92E2220FW081779,"1099 West Ropes Avenue, Woodlake, CA, 93286"
1538,1U92E2224FW081817,"1099 West Ropes Avenue, Woodlake, CA, 93286"
1539,1U92E2222FW081816,"1099 West Ropes Avenue, Woodlake, CA, 93286"
1540,1U92E2223FW081789,"1099 West Ropes Avenue, Woodlake, CA, 93286"
1541,1U92E2221FW081788,"1099 West Ropes Avenue, Woodlake, CA, 93286"
1542,1U92E222XFW081790,"1099 West Ropes Avenue, Woodlake, CA, 93286"
1543,1U92E2229FW081831,"1099 West Ropes Avenue, Woodlake, CA, 93286"
1544,1U92E2220FW081829,"1099 West Ropes Avenue, Woodlake, CA, 93286"
1545,1U92E222FW081834,"1099 West Ropes Avenue, Woodlake, CA, 93286"
1546,1U92E2227FW081830,"1099 West Ropes Avenue, Woodlake, CA, 93286"
1547,1U92E2223FW081842,"1099 West Ropes Avenue, Woodlake, CA, 93286"
1548,1U92E2227FW081844,"1099 West Ropes Avenue, Woodlake, CA, 93286"
1549,1U92E2222FW081833,"1099 West Ropes Avenue, Woodlake, CA, 93286"
1550,1U92E2221FW081838,"1099 West Ropes Avenue, Woodlake, CA, 93286"
1551,1U92E222XFW081837,"1099 West Ropes Avenue, Woodlake, CA, 93286"
1552,1U92E2223FW081839,"1099 West Ropes Avenue, Woodlake, CA, 93286"
1553,1U92E2226FW081835,"1099 West Ropes Avenue, Woodlake, CA, 93286"
1554,1U92E2225FW081843,"1099 West Ropes Avenue, Woodlake, CA, 93286"
1555,1U92E222XFW081840,"1099 West Ropes Avenue, Woodlake, CA, 93286"
1556,1U92E2221FW081841,"1099 West Ropes Avenue, Woodlake, CA, 93286"
1557,1U92E2222FW081914,"1099 West Ropes Avenue, Woodlake, CA, 93286"
1558,1U92E2225FW081860,"1099 West Ropes Avenue, Woodlake, CA, 93286"
1559,1U92E2224FW081865,"1099 West Ropes Avenue, Woodlake, CA, 93286"
1560,1U92E2225FW081812,"1099 West Ropes Avenue, Woodlake, CA, 93286"
1561,1U92E2229FW081814,"1099 West Ropes Avenue, Woodlake, CA, 93286"
1562,1U92E2227FW081813,"1099 West Ropes Avenue, Woodlake, CA, 93286"
1563,1U92E2223FW081811,"1099 West Ropes Avenue, Woodlake, CA, 93286"
1564,1U92E2224FW081851,"1099 West Ropes Avenue, Woodlake, CA, 93286"
1565,1U92E2222FW081850,"1099 West Ropes Avenue, Woodlake, CA, 93286"
1566,1U92E2229FW081859,"1099 West Ropes Avenue, Woodlake, CA, 93286"
1567,1U92E2225FW081809,"1099 West Ropes Avenue, Woodlake, CA, 93286"
1568,1U92E2221FW081810,"1099 West Ropes Avenue, Woodlake, CA, 93286"
1569,1U92E2226FW081916,"1099 West Ropes Avenue, Woodlake, CA, 93286"
1570,1U92E2223FW081808,"1099 West Ropes Avenue, Woodlake, CA, 93286"
1571,1U92E2221FW081807,"1099 West Ropes Avenue, Woodlake, CA, 93286"
1572,1U92E2223FW081792,"1099 West Ropes Avenue, Woodlake, CA, 93286"
1573,1U92E2222FW081802,"1099 West Ropes Avenue, Woodlake, CA, 93286"
1574,1U92E222XFW081806,"1099 West Ropes Avenue, Woodlake, CA, 93286"
1575,1U92E2226FW081804,"1099 West Ropes Avenue, Woodlake, CA, 93286"
1576,1U92E2224FW081803,"1099 West Ropes Avenue, Woodlake, CA, 93286"
1577,1U92E2228FW081805,"1099 West Ropes Avenue, Woodlake, CA, 93286"
1578,1U92E2229FW081795,"1099 West Ropes Avenue, Woodlake, CA, 93286"
1579,1U92E2220FW081801,"1099 West Ropes Avenue, Woodlake, CA, 93286"
1580,1U92E2229FW081800,"1099 West Ropes Avenue, Woodlake, CA, 93286"
1581,1U92E2226FW081799,"1099 West Ropes Avenue, Woodlake, CA, 93286"
1582,1U92E2224FW081798,"1099 West Ropes Avenue, Woodlake, CA, 93286"
1583,1U92E2222FW081797,"1099 West Ropes Avenue, Woodlake, CA, 93286"
1584,1U92E2220FW081796,"1099 West Ropes Avenue, Woodlake, CA, 93286"
1585,1U92E222XFW081854,"1099 West Ropes Avenue, Woodlake, CA, 93286"
1586,1U92E2225FW081793,"1099 West Ropes Avenue, Woodlake, CA, 93286"
1587,1U92E2229FW081845,"1099 West Ropes Avenue, Woodlake, CA, 93286"
1588,1U92E2222FW081847,"1099 West Ropes Avenue, Woodlake, CA, 93286"
1589,1U92E2227FW081794,"1099 West Ropes Avenue, Woodlake, CA, 93286"
1590,1U92E2227FW081794,"1099 West Ropes Avenue, Woodlake, CA, 93286"
1591,1U92E2228FW081867,"1099 West Ropes Avenue, Woodlake, CA, 93286"
1592,1U92E2224FW081848,"1099 West Ropes Avenue, Woodlake, CA, 93286"
1593,1U92E2223FW081856,"1099 West Ropes Avenue, Woodlake, CA, 93286"
1594,1U92E2221FW081869,"1099 West Ropes Avenue, Woodlake, CA, 93286"
1595,1U92E2225FW081857,"1099 West Ropes Avenue, Woodlake, CA, 93286"
1596,1U92E2227FW081858,"1099 West Ropes Avenue, Woodlake, CA, 93286"
1597,1U92E2225FW081874,"1099 West Ropes Avenue, Woodlake, CA, 93286"
1598,1U92E2228FW081853,"1099 West Ropes Avenue, Woodlake, CA, 93286"
1599,1U92E2226FW081852,"1099 West Ropes Avenue, Woodlake, CA, 93286"
1600,1U92E2224FW081879,"1099 West Ropes Avenue, Woodlake, CA, 93286"
1601,1U92E2221FW081855,"1099 West Ropes Avenue, Woodlake, CA, 93286"
1602,1U92E2222FW081878,"1099 West Ropes Avenue, Woodlake, CA, 93286"
1603,1U92E2222FW081864,"1099 West Ropes Avenue, Woodlake, CA, 93286"
1604,1U92E2226FW081883,"1099 West Ropes Avenue, Woodlake, CA, 93286"
1605,1U92E2229FW081862,"1099 West Ropes Avenue, Woodlake, CA, 93286"
1606,1U92E2223FW081873,"1099 West Ropes Avenue, Woodlake, CA, 93286"
1607,1U92E2227FW081861,"1099 West Ropes Avenue, Woodlake, CA, 93286"
1608,1U92E2220FW081863,"1099 West Ropes Avenue, Woodlake, CA, 93286"
1609,1U92E2221FW081872,"1099 West Ropes Avenue, Woodlake, CA, 93286"
1610,1U92E2224FW081882,"1099 West Ropes Avenue, Woodlake, CA, 93286"
1611,1U92E2228FW081884,"1099 West Ropes Avenue, Woodlake, CA, 93286"
1612,1U92E2225FW081826,"1099 West Ropes Avenue, Woodlake, CA, 93286"
1613,1U92E2220FW81894,"1099 West Ropes Avenue, Woodlake, CA, 93286"
1614,1U92E2228FW081898,"1099 West Ropes Avenue, Woodlake, CA, 93286"
1615,1U92E2224FW081896,"1099 West Ropes Avenue, Woodlake, CA, 93286"
1616,1U92E2224FW081901,"1099 West Ropes Avenue, Woodlake, CA, 93286"
1617,1U92E222XFW081899,"1099 West Ropes Avenue, Woodlake, CA, 93286"
1618,1U92E2228FW081903,"1099 West Ropes Avenue, Woodlake, CA, 93286"
1619,1U92E222XFW081904,"1099 West Ropes Avenue, Woodlake, CA, 93286"
1620,1U92E2225FW081907,"1099 West Ropes Avenue, Woodlake, CA, 93286"
1621,1U92E2223FW081906,"1099 West Ropes Avenue, Woodlake, CA, 93286"
1622,1U92E2225FW081910,"1099 West Ropes Avenue, Woodlake, CA, 93286"
1623,1U92E2229FW081909,"1099 West Ropes Avenue, Woodlake, CA, 93286"
1624,1U92E2229FW081912,"1099 West Ropes Avenue, Woodlake, CA, 93286"
1625,1U92E2224FW081915,"1099 West Ropes Avenue, Woodlake, CA, 93286"
1626,1U92E2220FW081913,"1099 West Ropes Avenue, Woodlake, CA, 93286"
1627,1U92E2228FW081917,"1099 West Ropes Avenue, Woodlake, CA, 93286"
1628,1U92E2220FW081927,"1099 West Ropes Avenue, Woodlake, CA, 93286"
1629,1U92E2224FW081929,"1099 West Ropes Avenue, Woodlake, CA, 93286"
1630,1U92E2222FW081931,"1099 West Ropes Avenue, Woodlake, CA, 93286"
1631,1U92E2220FW081930,"1099 West Ropes Avenue, Woodlake, CA, 93286"
1632,1U92E2224FW081932,"1099 West Ropes Avenue, Woodlake, CA, 93286"
1633,1U92E2224FW081932,"1099 West Ropes Avenue, Woodlake, CA, 93286"
1634,VIN: 1U92E2228FW081934,"1099 West Ropes Avenue, Woodlake, CA, 93286"
1635,1U92E2226FW081933,"1099 West Ropes Avenue, Woodlake, CA, 93286"
1636,1U92E2222FW081928,"1099 West Ropes Avenue, Woodlake, CA, 93286"
1637,1U92E2229FW081926,"1099 West Ropes Avenue, Woodlake, CA, 93286"
1638,1U92E2227FW081925,"1099 West Ropes Avenue, Woodlake, CA, 93286"
1639,1U92E2223FW081923,"1099 West Ropes Avenue, Woodlake, CA, 93286"
1640,1U92E2221FW081922,"1099 West Ropes Avenue, Woodlake, CA, 93286"
1641,1U92E2225FW081924,"1099 West Ropes Avenue, Woodlake, CA, 93286"
1642,1U92E2228FW081920,"1099 West Ropes Avenue, Woodlake, CA, 93286"
1643,1U92E2221FW081919,"1099 West Ropes Avenue, Woodlake, CA, 93286"
1644,1U92E222XFW081921,"1099 West Ropes Avenue, Woodlake, CA, 93286"
1645,1U92E222XFW081918,"1099 West Ropes Avenue, Woodlake, CA, 93286"
1646,1U92E2227FW081911,"1099 West Ropes Avenue, Woodlake, CA, 93286"
1647,1U92E2226FW081902,"1099 West Ropes Avenue, Woodlake, CA, 93286"
1648,1U92E2221FW081905,"1099 West Ropes Avenue, Woodlake, CA, 93286"
1649,1U92E2222FW081895,"1099 West Ropes Avenue, Woodlake, CA, 93286"
1650,1U92E2227FW081908,"1099 West Ropes Avenue, Woodlake, CA, 93286"
1651,1U92E2221FW081886,"1099 West Ropes Avenue, Woodlake, CA, 93286"
1652,1U92E2225FW081891,"1099 West Ropes Avenue, Woodlake, CA, 93286"
1653,1U92E2226FW081897,"1099 West Ropes Avenue, Woodlake, CA, 93286"
1654,1U92E2227FW081892,"1099 West Ropes Avenue, Woodlake, CA, 93286"
1655,1U92E2222FW081900,"1099 West Ropes Avenue, Woodlake, CA, 93286"
1656,1U92E2225FW081888,"1099 West Ropes Avenue, Woodlake, CA, 93286"
1657,1U92E2227FW081889,"1099 West Ropes Avenue, Woodlake, CA, 93286"
1658,1U92E2220FW081880,"1099 West Ropes Avenue, Woodlake, CA, 93286"
1659,1U92E2223FW081887,"1099 West Ropes Avenue, Woodlake, CA, 93286"
1660,1U92E2222FW081881,"1099 West Ropes Avenue, Woodlake, CA, 93286"
1661,1U92E222XFW081885,"1099 West Ropes Avenue, Woodlake, CA, 93286"
1662,1U92E2229FW081876,"1099 West Ropes Avenue, Woodlake, CA, 93286"
1663,1U92E2227FW081875,"1099 West Ropes Avenue, Woodlake, CA, 93286"
1664,1U92E222XFW081871,"1099 West Ropes Avenue, Woodlake, CA, 93286"
1665,1U92E2223FW081890,"1099 West Ropes Avenue, Woodlake, CA, 93286"
1666,1U92E2220FW081877,"1099 West Ropes Avenue, Woodlake, CA, 93286"
1667,1U92E2228FW081870,"1099 West Ropes Avenue, Woodlake, CA, 93286"
1668,1U92E222XFW081858,"1099 West Ropes Avenue, Woodlake, CA, 93286"
1669,1U92E2226FW081446,"1099 West Ropes Avenue, Woodlake, CA, 93286"
1670,1U92E2222FW081458,"1099 West Ropes Avenue, Woodlake, CA, 93286"
1671,4HXSC1727FC180159,"1099 West Ropes Avenue, Woodlake, CA, 93286"
1672,4HXSC1720FC180164,"1099 West Ropes Avenue, Woodlake, CA, 93286"
,,
,,
,,
3250,1U92E2226FW081978 ,"New Hampshire Motor Speedway 1122 NH-106, Loudon, NH 03307"
3251,1U92E2228FW081948 ,"New Hampshire Motor Speedway 1122 NH-106, Loudon, NH 03307"
3252,1U92E222XFW081434,"New Hampshire Motor Speedway 1122 NH-106, Loudon, NH 03307"
3253,1U92E2227FW081973 ,"New Hampshire Motor Speedway 1122 NH-106, Loudon, NH 03307"
3254,1U92E2227FW081939 ,"New Hampshire Motor Speedway 1122 NH-106, Loudon, NH 03307"
3255,1U92E2221FW081984 ,"New Hampshire Motor Speedway 1122 NH-106, Loudon, NH 03307"
3258,1U92E2229FW081988 ,"New Hampshire Motor Speedway 1122 NH-106, Loudon, NH 03307"
3259,1U92E2226FW081995 ,"New Hampshire Motor Speedway 1122 NH-106, Loudon, NH 03307"
3260,1U92E2224FW081963 ,"New Hampshire Motor Speedway 1122 NH-106, Loudon, NH 03307"
3261,1U92E2225FW081972 ,"New Hampshire Motor Speedway 1122 NH-106, Loudon, NH 03307"
3264,1U92E2223FW081940 ,"New Hampshire Motor Speedway 1122 NH-106, Loudon, NH 03307"
3265,1U92E2221FW081953 ,"New Hampshire Motor Speedway 1122 NH-106, Loudon, NH 03307"
3268,1U92E2222FW081945 ,"New Hampshire Motor Speedway 1122 NH-106, Loudon, NH 03307"
3269,1U92E2222FW081993 ,"New Hampshire Motor Speedway 1122 NH-106, Loudon, NH 03307"
3270,1U92E222XFW081952 ,"New Hampshire Motor Speedway 1122 NH-106, Loudon, NH 03307"
3271,1U92E2220FW081958 ,"New Hampshire Motor Speedway 1122 NH-106, Loudon, NH 03307"
3272,1U92E2220FW081975,"New Hampshire Motor Speedway 1122 NH-106, Loudon, NH 03307"
3273,1U92E2222FW081430 ,"New Hampshire Motor Speedway 1122 NH-106, Loudon, NH 03307"
3274,1U92E222XFW081949,"New Hampshire Motor Speedway 1122 NH-106, Loudon, NH 03307"
3276,1U92E2223FW081954 ,"New Hampshire Motor Speedway 1122 NH-106, Loudon, NH 03307"
3277,1U92E222XFW081966,"New Hampshire Motor Speedway 1122 NH-106, Loudon, NH 03307"
3278,1U92E2223FW081968 ,"New Hampshire Motor Speedway 1122 NH-106, Loudon, NH 03307"
3279,1U92E2224FW081977 ,"New Hampshire Motor Speedway 1122 NH-106, Loudon, NH 03307"
3280,1U92E2224FW081946 ,"New Hampshire Motor Speedway 1122 NH-106, Loudon, NH 03307"
3281,1U92E2227FW081987 ,"New Hampshire Motor Speedway 1122 NH-106, Loudon, NH 03307"
3282,1U92E2226FW081947 ,"New Hampshire Motor Speedway 1122 NH-106, Loudon, NH 03307"
3283,1U92E2222FW081959 ,"New Hampshire Motor Speedway 1122 NH-106, Loudon, NH 03307"
3285,1U92E2222FW081976 ,"New Hampshire Motor Speedway 1122 NH-106, Loudon, NH 03307"
3286,1U92E2225FW081938 ,"New Hampshire Motor Speedway 1122 NH-106, Loudon, NH 03307"
3287,1U92E2224FW081431,"New Hampshire Motor Speedway 1122 NH-106, Loudon, NH 03307"
3288,1U92E2221FW081970 ,"New Hampshire Motor Speedway 1122 NH-106, Loudon, NH 03307"
3289,1U92E2227FW081942 ,"New Hampshire Motor Speedway 1122 NH-106, Loudon, NH 03307"
3290,1U92E2225FW081986 ,"New Hampshire Motor Speedway 1122 NH-106, Loudon, NH 03307"
3291,1U92E2228FW081433 ,"New Hampshire Motor Speedway 1122 NH-106, Loudon, NH 03307"
3293,1U92E222XFW081997 ,"New Hampshire Motor Speedway 1122 NH-106, Loudon, NH 03307"
3294,1U92E2224FW081980 ,"New Hampshire Motor Speedway 1122 NH-106, Loudon, NH 03307"
3300,1U92E2227FW081956 ,"New Hampshire Motor Speedway 1122 NH-106, Loudon, NH 03307"
3316,1U92E2225FW081955,"New Hampshire Motor Speedway 1122 NH-106, Loudon, NH 03307"
3317,1U92E2229FW081991 ,"New Hampshire Motor Speedway 1122 NH-106, Loudon, NH 03307"
3318,1U92E2228FW081996,"New Hampshire Motor Speedway 1122 NH-106, Loudon, NH 03307"
3319,1U92E2227FW081455,"New Hampshire Motor Speedway 1122 NH-106, Loudon, NH 03307"
3320,1U92E2225FW081941 ,"New Hampshire Motor Speedway 1122 NH-106, Loudon, NH 03307"
3321,1U92E2226FW081544 ,"New Hampshire Motor Speedway 1122 NH-106, Loudon, NH 03307"
3322,1U92E2222FW081962 ,"New Hampshire Motor Speedway 1122 NH-106, Loudon, NH 03307"
3323,4HXSC1722GC181768 ,"New Hampshire Motor Speedway 1122 NH-106, Loudon, NH 03307"
3324,1U92E2228FW081982 ,"New Hampshire Motor Speedway 1122 NH-106, Loudon, NH 03307"
3325,1U92E2223FW081971,"New Hampshire Motor Speedway 1122 NH-106, Loudon, NH 03307"
3326,1U92E2221FW081998 ,"New Hampshire Motor Speedway 1122 NH-106, Loudon, NH 03307"
3327,1U92E2227FW081990 ,"New Hampshire Motor Speedway 1122 NH-106, Loudon, NH 03307"
3328,1U92E2220FW081944 ,"New Hampshire Motor Speedway 1122 NH-106, Loudon, NH 03307"
3329,1U92E2224FW081994 ,"New Hampshire Motor Speedway 1122 NH-106, Loudon, NH 03307"
3330,1U92E2228FW081965 ,"New Hampshire Motor Speedway 1122 NH-106, Loudon, NH 03307"
3331,1U92E2223FW081985 ,"New Hampshire Motor Speedway 1122 NH-106, Loudon, NH 03307"
3332,1U92E2229FW081943,"New Hampshire Motor Speedway 1122 NH-106, Loudon, NH 03307"
3333,1U92E2225FW081969 ,"New Hampshire Motor Speedway 1122 NH-106, Loudon, NH 03307"
3334,1U92E2228FW081979,"New Hampshire Motor Speedway 1122 NH-106, Loudon, NH 03307"
3335,1U92E2229FW081960 ,"New Hampshire Motor Speedway 1122 NH-106, Loudon, NH 03307"
3336,1U92E2226FW081950 ,"New Hampshire Motor Speedway 1122 NH-106, Loudon, NH 03307"
3337,1U92E2226FW081981,"New Hampshire Motor Speedway 1122 NH-106, Loudon, NH 03307"
3338,1U92E2226FW081432 ,"New Hampshire Motor Speedway 1122 NH-106, Loudon, NH 03307"
3339,1U92E2226FW081964 ,"New Hampshire Motor Speedway 1122 NH-106, Loudon, NH 03307"
3340,1U92E2220FW081992 ,"New Hampshire Motor Speedway 1122 NH-106, Loudon, NH 03307"
3341,1U92E2229FW081974 ,"New Hampshire Motor Speedway 1122 NH-106, Loudon, NH 03307"
3342,1U92E2221FW081967 ,"New Hampshire Motor Speedway 1122 NH-106, Loudon, NH 03307"
3343,1U92E2220FW081961 ,"New Hampshire Motor Speedway 1122 NH-106, Loudon, NH 03307"
3344,1U92E2223FW081999,"New Hampshire Motor Speedway 1122 NH-106, Loudon, NH 03307"
3345,1U92E2228FW081951 ,"New Hampshire Motor Speedway 1122 NH-106, Loudon, NH 03307"
3346,1U92E222XFW081983 ,"New Hampshire Motor Speedway 1122 NH-106, Loudon, NH 03307"
3347,1U92E2229FW081957,"New Hampshire Motor Speedway 1122 NH-106, Loudon, NH 03307"
3348,1U92E2220FW081989 ,"New Hampshire Motor Speedway 1122 NH-106, Loudon, NH 03307"
,,
,,
3256,4HXSC1725EC171510 ,"New Hampshire Motor Speedway 1122 NH-106, Loudon, NH 03307"
3257,4HXSC1720EC171396,"New Hampshire Motor Speedway 1122 NH-106, Loudon, NH 03307"
3262,4HXSC1727FC178881 ,"New Hampshire Motor Speedway 1122 NH-106, Loudon, NH 03307"
3263,4HXSC1725FC172237,"New Hampshire Motor Speedway 1122 NH-106, Loudon, NH 03307"
3266,4HXSC1722FC172289 ,"New Hampshire Motor Speedway 1122 NH-106, Loudon, NH 03307"
3267,4HXSC1721FC178830,"New Hampshire Motor Speedway 1122 NH-106, Loudon, NH 03307"
3275,4HXSC1726FC178872 ,"New Hampshire Motor Speedway 1122 NH-106, Loudon, NH 03307"
3284,4HXSC1727FC172319 ,"New Hampshire Motor Speedway 1122 NH-106, Loudon, NH 03307"
3292,4HXSC1727FC172224,"New Hampshire Motor Speedway 1122 NH-106, Loudon, NH 03307"
3295,4HXSC1722FC178917 ,"New Hampshire Motor Speedway 1122 NH-106, Loudon, NH 03307"
3296,4HXSC1726FC172196 ,"New Hampshire Motor Speedway 1122 NH-106, Loudon, NH 03307"
3297,4HXSC1721FC178813 ,"New Hampshire Motor Speedway 1122 NH-106, Loudon, NH 03307"
3298,4HXSC1720FC173926 ,"New Hampshire Motor Speedway 1122 NH-106, Loudon, NH 03307"
3299,4HXSC1729FC176016 ,"New Hampshire Motor Speedway 1122 NH-106, Loudon, NH 03307"
3301,4HXSC1728FC178856,"New Hampshire Motor Speedway 1122 NH-106, Loudon, NH 03307"
3302,4HXSC1725FC178863 ,"New Hampshire Motor Speedway 1122 NH-106, Loudon, NH 03307"
3303,4HXSC1729FC172242,"New Hampshire Motor Speedway 1122 NH-106, Loudon, NH 03307"
3304,4HXSC1724FC178885 ,"New Hampshire Motor Speedway 1122 NH-106, Loudon, NH 03307"
3305,4HXSC172XFC178910,"New Hampshire Motor Speedway 1122 NH-106, Loudon, NH 03307"
3306,4HXSC1724FC178868 ,"New Hampshire Motor Speedway 1122 NH-106, Loudon, NH 03307"
3307,4HXSC172XFC173903 ,"New Hampshire Motor Speedway 1122 NH-106, Loudon, NH 03307"
3308,4HXSC172XFC172217 ,"New Hampshire Motor Speedway 1122 NH-106, Loudon, NH 03307"
3309,4HXSC1726FC172246 ,"New Hampshire Motor Speedway 1122 NH-106, Loudon, NH 03307"
3310,4HXSC1723FC172169 ,"New Hampshire Motor Speedway 1122 NH-106, Loudon, NH 03307"
3311,4HXSC1722FC172258 ,"New Hampshire Motor Speedway 1122 NH-106, Loudon, NH 03307"
3312,4HXSC1723FC176092 ,"New Hampshire Motor Speedway 1122 NH-106, Loudon, NH 03307"
3313,4HXSC1720FC176020 ,"New Hampshire Motor Speedway 1122 NH-106, Loudon, NH 03307"
3314,4HXSC1729FC178767,"New Hampshire Motor Speedway 1122 NH-106, Loudon, NH 03307"
3315,4HXSC1724FC172293 ,"New Hampshire Motor Speedway 1122 NH-106, Loudon, NH 03307"
,,
,,
5696,4HXSC1722GC181821,"Las Vegas Motor Speedway, 7000 Las Vegas Blvd N, Las Vegas, NV 89115"
5697,4HXSC1723GC180984 ,"Las Vegas Motor Speedway, 7000 Las Vegas Blvd N, Las Vegas, NV 89115"
5698,4HXSC1729GC181816 ,"Las Vegas Motor Speedway, 7000 Las Vegas Blvd N, Las Vegas, NV 89115"
5699,4HXSC1723GC181925,"Las Vegas Motor Speedway, 7000 Las Vegas Blvd N, Las Vegas, NV 89115"
5700,4HXSC172XGC181789,"Las Vegas Motor Speedway, 7000 Las Vegas Blvd N, Las Vegas, NV 89115"
5702,4HXSC1727GC181894 ,"Las Vegas Motor Speedway, 7000 Las Vegas Blvd N, Las Vegas, NV 89115"
5704,4HXSC1721GC181888 ,"Las Vegas Motor Speedway, 7000 Las Vegas Blvd N, Las Vegas, NV 89115"
5707,4HXSC1726GC183488 ,"Las Vegas Motor Speedway, 7000 Las Vegas Blvd N, Las Vegas, NV 89115"
5708,4HXSC1726GC181790 ,"Las Vegas Motor Speedway, 7000 Las Vegas Blvd N, Las Vegas, NV 89115"
5711,4HXSC1722GC183309 ,"Las Vegas Motor Speedway, 7000 Las Vegas Blvd N, Las Vegas, NV 89115"
5712,4HXSC1721GC183446,"Las Vegas Motor Speedway, 7000 Las Vegas Blvd N, Las Vegas, NV 89115"
5713,4HXSC1726GC183359 ,"Las Vegas Motor Speedway, 7000 Las Vegas Blvd N, Las Vegas, NV 89115"
5714,4HXSC1729FC175965,"Las Vegas Motor Speedway, 7000 Las Vegas Blvd N, Las Vegas, NV 89115"
5716,4HXSC1722GC183472,"Las Vegas Motor Speedway, 7000 Las Vegas Blvd N, Las Vegas, NV 89115"
5717,4HXSC1721GC183334,"Las Vegas Motor Speedway, 7000 Las Vegas Blvd N, Las Vegas, NV 89115"
5722,4HXSC1726GC183328 ,"Las Vegas Motor Speedway, 7000 Las Vegas Blvd N, Las Vegas, NV 89115"
5727,4HXSC1722GC183391 ,"Las Vegas Motor Speedway, 7000 Las Vegas Blvd N, Las Vegas, NV 89115"
5728,44HXSC1722GC183312 ,"Las Vegas Motor Speedway, 7000 Las Vegas Blvd N, Las Vegas, NV 89115"
5732,4HXSC1724GC182114,"Las Vegas Motor Speedway, 7000 Las Vegas Blvd N, Las Vegas, NV 89115"
5733,4HXSC172XGC182182,"Las Vegas Motor Speedway, 7000 Las Vegas Blvd N, Las Vegas, NV 89115"
5736,4HXSC1723GC182119,"Las Vegas Motor Speedway, 7000 Las Vegas Blvd N, Las Vegas, NV 89115"
5737,4HXSC1720GC181963 ,"Las Vegas Motor Speedway, 7000 Las Vegas Blvd N, Las Vegas, NV 89115"
5741,4HXSC1726GC182129 ,"Las Vegas Motor Speedway, 7000 Las Vegas Blvd N, Las Vegas, NV 89115"
5743,4HXSC1728GC182181 ,"Las Vegas Motor Speedway, 7000 Las Vegas Blvd N, Las Vegas, NV 89115"
5745,4HXSC1723GC183299 ,"Las Vegas Motor Speedway, 7000 Las Vegas Blvd N, Las Vegas, NV 89115"
5746,4HXSC1721GC183463,"Las Vegas Motor Speedway, 7000 Las Vegas Blvd N, Las Vegas, NV 89115"
5747,4HXSC1721GC183401 ,"Las Vegas Motor Speedway, 7000 Las Vegas Blvd N, Las Vegas, NV 89115"
5749,4HXSC1729GC183405,"Las Vegas Motor Speedway, 7000 Las Vegas Blvd N, Las Vegas, NV 89115"
5750,4HXSC1720EC171365 ,"Las Vegas Motor Speedway, 7000 Las Vegas Blvd N, Las Vegas, NV 89115"
5751,4HXSC1729GC183372 ,"Las Vegas Motor Speedway, 7000 Las Vegas Blvd N, Las Vegas, NV 89115"
5752,4HXSC1723GC183397 ,"Las Vegas Motor Speedway, 7000 Las Vegas Blvd N, Las Vegas, NV 89115"
5753,4HXSC1721GC182135 ,"Las Vegas Motor Speedway, 7000 Las Vegas Blvd N, Las Vegas, NV 89115"
5754,4HXSC1727GC183287,"Las Vegas Motor Speedway, 7000 Las Vegas Blvd N, Las Vegas, NV 89115"
5755,4HXSC1723GC183335 ,"Las Vegas Motor Speedway, 7000 Las Vegas Blvd N, Las Vegas, NV 89115"
5756,4HXSC1723GC183349 ,"Las Vegas Motor Speedway, 7000 Las Vegas Blvd N, Las Vegas, NV 89115"
5757,4HXSC1722GC183357 ,"Las Vegas Motor Speedway, 7000 Las Vegas Blvd N, Las Vegas, NV 89115"
5758,4HXSC1729GC183338,"Las Vegas Motor Speedway, 7000 Las Vegas Blvd N, Las Vegas, NV 89115"
5759,4HXSC1722GC182161,"Las Vegas Motor Speedway, 7000 Las Vegas Blvd N, Las Vegas, NV 89115"
5761,4HXSC1723GC182136,"Las Vegas Motor Speedway, 7000 Las Vegas Blvd N, Las Vegas, NV 89115"
5762,4HXSC1722GC183326 ,"Las Vegas Motor Speedway, 7000 Las Vegas Blvd N, Las Vegas, NV 89115"
5763,4HXSC1720GC183311,"Las Vegas Motor Speedway, 7000 Las Vegas Blvd N, Las Vegas, NV 89115"
5764,4HXSC1728GC183394,"Las Vegas Motor Speedway, 7000 Las Vegas Blvd N, Las Vegas, NV 89115"
5766,4HXSC1723GC182167,"Las Vegas Motor Speedway, 7000 Las Vegas Blvd N, Las Vegas, NV 89115"
5767,4HXSC1729GC180911,"Las Vegas Motor Speedway, 7000 Las Vegas Blvd N, Las Vegas, NV 89115"
5768,4HXSC1725GC181960,"Las Vegas Motor Speedway, 7000 Las Vegas Blvd N, Las Vegas, NV 89115"
5769,4HXSC1724GC183280,"Las Vegas Motor Speedway, 7000 Las Vegas Blvd N, Las Vegas, NV 89115"
5772,4HXSC1729GC181962 ,"Las Vegas Motor Speedway, 7000 Las Vegas Blvd N, Las Vegas, NV 89115"
5774,4HXSC1722GC181866 ,"Las Vegas Motor Speedway, 7000 Las Vegas Blvd N, Las Vegas, NV 89115"
,,
,,
5695,4HXSC1622EC168873 ,"Las Vegas Motor Speedway, 7000 Las Vegas Blvd N, Las Vegas, NV 89115"
5703,4HXSC1720EC171382,"Las Vegas Motor Speedway, 7000 Las Vegas Blvd N, Las Vegas, NV 89115"
5705,4HXSC1724EC171434 ,"Las Vegas Motor Speedway, 7000 Las Vegas Blvd N, Las Vegas, NV 89115"
5710,4HXSC1724EC171529 ,"Las Vegas Motor Speedway, 7000 Las Vegas Blvd N, Las Vegas, NV 89115"
5715,4HXSC1729EC171400 ,"Las Vegas Motor Speedway, 7000 Las Vegas Blvd N, Las Vegas, NV 89115"
5730,4HXSC1722FC172129 ,"Las Vegas Motor Speedway, 7000 Las Vegas Blvd N, Las Vegas, NV 89115"
5735,4HXSC172XEC171390 ,"Las Vegas Motor Speedway, 7000 Las Vegas Blvd N, Las Vegas, NV 89115"
5738,4HXSC1723FC172141 ,"Las Vegas Motor Speedway, 7000 Las Vegas Blvd N, Las Vegas, NV 89115"
5739,4HXSC172XEC171373 ,"Las Vegas Motor Speedway, 7000 Las Vegas Blvd N, Las Vegas, NV 89115"
5740,4HXSC1721EC171522 ,"Las Vegas Motor Speedway, 7000 Las Vegas Blvd N, Las Vegas, NV 89115"
5742,4HXSC1728EC171355 ,"Las Vegas Motor Speedway, 7000 Las Vegas Blvd N, Las Vegas, NV 89115"
5744,4HXSC1729EC171414 ,"Las Vegas Motor Speedway, 7000 Las Vegas Blvd N, Las Vegas, NV 89115"
5760,4HXSC1628EC168750 ,"Las Vegas Motor Speedway, 7000 Las Vegas Blvd N, Las Vegas, NV 89115"
5770,4HXSC1721EC171486 ,"Las Vegas Motor Speedway, 7000 Las Vegas Blvd N, Las Vegas, NV 89115"
5771,4HXSC1728FC172250,"Las Vegas Motor Speedway, 7000 Las Vegas Blvd N, Las Vegas, NV 89115"
5773,4HXSC1725EC171345 ,"Las Vegas Motor Speedway, 7000 Las Vegas Blvd N, Las Vegas, NV 89115"
